Workbook

Sheet Übersicht
A1: Makler | B1: Ort | C1: Kontakt | D1: Stand | E1: Nächster Schritt | F1: Letzte Aktion
A2: Engel & Völkers Weilheim-Schongau | B2: Weilheim · Fr. Weber | C2: gabriela.weber@engelvoelkers.com | D2: Wartet auf Antwort | E2: Neue Objekte abwarten (PH/DG, Südterrasse, Aufzug ~100 m²) | F2: 15.10. Hochufer abgelehnt (keine Terrasse), Kaufpreisrahmen bis 1,25 Mio genannt
A3: LOEGER Immobilien | B3: Tutzing · Fr. Löger-Hohenwarter | C3: info@loeger.de | D3: Wartet auf Objekte | E3: — | F3: 14.10. Suchprofil erstellt, Anschrift + 750–1.250 T€ gesendet
A4: SEDLMAYR Immobilien | B4: Andechs · Fr. Matthern | C4: info@sedlmayr-immo.de | D4: Wartet auf Objekte | E4: — | F4: 14.10. Online-Suchprofil ausgefüllt (Weilheim +50 km, 90–110 m²)
A5: Kreissparkasse München Starnberg Ebersberg | B5: ImmobilienServiceCenter · Fr. Beißengroll | C5: jennifer.beissengroll@kskmse.de | D5: Wartet auf Objekte | E5: — | F5: 14.10. Kontaktdaten + Preisrahmen gesendet, in Gesuchdatei
A6: KSK München – BaufinanzierungsCenter | B6: München · Hr. Basile (Baufinanzierung) | C6: leonardo.basile@kskmse.de | D6: Wartet auf Objekte | E6: — | F6: 19.10. Antwort: nimmt uns in Datenbank auf; Anschrift + Mail gesendet (ohne Telefon)
A7: Lieb Immobilien | B7: Weilheim · Hr. Lieb | C7: info@lieb-immobilien.de | D7: Wartet auf Objekte | E7: Nur noch bei Penthouse/DG mit großer Südterrasse + Aufzug melden | F7: 19.10. Anschrift, Festnetz + Kriterien gesendet; 21.10. Exposé Peißenberg (nur überdachter Balkon) → Absage gesendet, Kontakt bleibt offen
A8: deltapro Immobilien | B8: Gilching · Fr. Götz | C8: info@deltapro.immobilien | D8: Absage | E8: — | F8: 21.10. Antwort mit Westpark-Sendling (kein PH/keine Terrasse) + Obermenzing DG 145 m² (Preis viel zu hoch) → Absage gesendet
A9: Schneider & Prell Immobilientreuhand | B9: Wolfratshausen · Fr. Pfeiffer | C9: h.pfeiffer@schneider-prell.de | D9: Wartet auf Objekte | E9: — | F9: 14.10. Kontaktformular ausgefüllt (Anschrift, Festnetz)
A10: FT Immobilien 24 | B10: Unterföhring · Hr. Tortorici | C10: kontakt@ftimmobilien24.com | D10: Wartet auf Objekte | E10: — | F10: 14.10. in Interessentenkartei aufgenommen
A11: Engel & Völkers Starnberg | B11: Starnberg | C11: contact@ (Ersatz-Adresse) | D11: Wartet auf Antwort | E11: — | F11: 15.10. Voranfrage v4 an Ersatz-Adresse gesendet (alte Mail unzustellbar)
A12: Engel & Völkers München West | B12: Germering | C12: nur Kontaktformular | D12: Formular manuell | E12: Formular selbst absenden (Captcha) – Text: scratch/makler_formulare_20261014/formular_text.txt | F12: 14.10. Formular-Versuch: Captcha
... A17: Aigner Immobilien | B17: München Sendling · Fr. Becker | C17: info@aigner-immobilien.de | D17: Absage | E17: — | F17: 14.10. Absage gesendet (Obermenzing = Etagenwohnung, No-Go)

Sheet Angebote
A1: Makler | B1: Objekt / Lage | C1: Typ | D1: Preis € | E1: m² | F1: Score | G1: Wertung | H1: Notiz | I1: Aufzug | J1: Südterrasse | K1: Lage im Suchraum | L1: Gesundheit/Fitness | M1: Neubau/gepflegt | N1: Fußbodenheizung | O1: Tiefgarage+Ladestation | P1: Keller | Q1: ruhig | R1: Preis im Rahmen | S1: Größe ca. 100 | T1: Provision % (Käufer, inkl. MwSt.) | U1: Nebenkosten € | V1: Gesamtkosten €
A2: Aigner Immobilien | B2: Obermenzing, 81247 München (Obj. 43421, 4 Zi.) | C2: Etagenwohnung | E2: 91.42 | F2: =IF(A2="","",IF(OR(C2="Etagenwohnung",I2="N",J2="N"),0,ROUND(100*(3*IF(J2="J",1,IF(J2="N",0,0.5))+3*IF(K2="J",1,IF(K2="N",0,0.5))+2*IF(L2="J",1,IF(L2="N",0,0.5))+2*IF(M2="J",1,IF(M2="N",0,0.5))+1*IF(N2="J",1,IF(N2="N",0,0.5))+1*IF(O2="J",1,IF(O2="N",0,0.5))+1*IF(P2="J",1,IF(P2="N",0,0.5))+1*IF(Q2="J",1,IF(Q2="N",0,0.5))+2*IF(R2="J",1,IF(R2="N",0,0.5))+3*IF(S2="J",1,IF(S2="N",0,0.5))+IF(T2="",0,1*IF(T2="?",0.5,MAX(0,1-T2/3.57))))/(19+IF(T2="",0,1)),0))) | G2: Absage | H2: Etagenwohnung = No-Go; Absage 14.10. gesendet | I2: ? | J2: ? | K2: J | L2: ? | M2: ? | N2: ? | O2: ? | P2: ? | Q2: ? | R2: =IF(A2="","",IF(D2="","?",IF(D2<=1250000,"J","N"))) | S2: =IF(A2="","",IF(E2="","?",IF(AND(E2>=90,E2<=115),"J","N"))) | U2: =IF(OR(D2="",T2="",T2="?"),"",ROUND(D2*(Legende!$B$9+Legende!$B$10+T2/100),0)) | V2: =IF(U2="","",D2+U2)
A3: Engel & Völkers Weilheim | B3: Neubauprojekt „Am Hochufer“, Weilheim | C3: ? | D3: 615000 | F3: =IF(A3="","",IF(OR(C3="Etagenwohnung",I3="N",J3="N"),0,ROUND(100*(3*IF(J3="J",1,IF(J3="N",0,0.5))+3*IF(K3="J",1,IF(K3="N",0,0.5))+2*IF(L3="J",1,IF(L3="N",0,0.5))+2*IF(M3="J",1,IF(M3="N",0,0.5))+1*IF(N3="J",1,IF(N3="N",0,0.5))+1*IF(O3="J",1,IF(O3="N",0,0.5))+1*IF(P3="J",1,IF(P3="N",0,0.5))+1*IF(Q3="J",1,IF(Q3="N",0,0.5))+2*IF(R3="J",1,IF(R3="N",0,0.5))+3*IF(S3="J",1,IF(S3="N",0,0.5))+IF(T3="",0,1*IF(T3="?",0.5,MAX(0,1-T3/3.57))))/(19+IF(T3="",0,1)),0))) | G3: Absage | H3: 15.10. abgelehnt: keine Terrasse | I3: ? | J3: N | K3: J | L3: ? | M3: J | N3: ? | O3: ? | P3: ? | Q3: ? | R3: =IF(A3="","",IF(D3="","?",IF(D3<=1250000,"J","N"))) | S3: =IF(A3="","",IF(E3="","?",IF(AND(E3>=90,E3<=115),"J","N"))) | U3: =IF(OR(D3="",T3="",T3="?"),"",ROUND(D3*(Legende!$B$9+Legende!$B$10+T3/100),0)) | V3: =IF(U3="","",D3+U3)
A4: Lieb Immobilien | B4: Neubau-DG, Wörther Str. 45, Peißenberg (5-Familienhaus, fertig Anfang 2027) | C4: Dachgeschoss | D4: 599000 | E4: 122 | F4: =IF(A4="","",IF(OR(C4="Etagenwohnung",I4="N",J4="N"),0,ROUND(100*(3*IF(J4="J",1,IF(J4="N",0,0.5))+3*IF(K4="J",1,IF(K4="N",0,0.5))+2*IF(L4="J",1,IF(L4="N",0,0.5))+2*IF(M4="J",1,IF(M4="N",0,0.5))+1*IF(N4="J",1,IF(N4="N",0,0.5))+1*IF(O4="J",1,IF(O4="N",0,0.5))+1*IF(P4="J",1,IF(P4="N",0,0.5))+1*IF(Q4="J",1,IF(Q4="N",0,0.5))+2*IF(R4="J",1,IF(R4="N",0,0.5))+3*IF(S4="J",1,IF(S4="N",0,0.5))+IF(T4="",0,1*IF(T4="?",0.5,MAX(0,1-T4/3.57))))/(19+IF(T4="",0,1)),0))) | G4: Absage | H4: 21.10. Absage: nur überdachter Balkon (große Terrasse = K.O.), Aufzug unklar; sonst FBH, WP, Keller, Garage | I4: ? | J4: N | K4: J | L4: ? | M4: J | N4: J | O4: J | P4: J | Q4: ? | R4: =IF(A4="","",IF(D4="","?",IF(D4<=1250000,"J","N"))) | S4: =IF(A4="","",IF(E4="","?",IF(AND(E4>=90,E4<=115),"J","N"))) | U4: =IF(OR(D4="",T4="",T4="?"),"",ROUND(D4*(Legende!$B$9+Legende!$B$10+T4/100),0)) | V4: =IF(U4="","",D4+U4)
A5: deltapro Immobilien | B5: Obermenzing DG ca. 145 m², Bj. 2008/09 (+ Neubau Westpark Sendling) | C5: Dachgeschoss | E5: 145 | F5: =IF(A5="","",IF(OR(C5="Etagenwohnung",I5="N",J5="N"),0,ROUND(100*(3*IF(J5="J",1,IF(J5="N",0,0.5))+3*IF(K5="J",1,IF(K5="N",0,0.5))+2*IF(L5="J",1,IF(L5="N",0,0.5))+2*IF(M5="J",1,IF(M5="N",0,0.5))+1*IF(N5="J",1,IF(N5="N",0,0.5))+1*IF(O5="J",1,IF(O5="N",0,0.5))+1*IF(P5="J",1,IF(P5="N",0,0.5))+1*IF(Q5="J",1,IF(Q5="N",0,0.5))+2*IF(R5="J",1,IF(R5="N",0,0.5))+3*IF(S5="J",1,IF(S5="N",0,0.5))+IF(T5="",0,1*IF(T5="?",0.5,MAX(0,1-T5/3.57))))/(19+IF(T5="",0,1)),0))) | G5: Absage | H5: 21.10. Absage: Westpark ohne PH/Terrasse, Obermenzing Preis weit über Rahmen | I5: ? | J5: ? | K5: J | L5: ? | M5: N | N5: ? | O5: ? | P5: ? | Q5: ? | R5: =IF(A5="","",IF(D5="","?",IF(D5<=1250000,"J","N"))) | S5: =IF(A5="","",IF(E5="","?",IF(AND(E5>=90,E5<=115),"J","N"))) | U5: =IF(OR(D5="",T5="",T5="?"),"",ROUND(D5*(Legende!$B$9+Legende!$B$10+T5/100),0)) | V5: =IF(U5="","",D5+U5)
F6: =IF(A6="","",IF(OR(C6="Etagenwohnung",I6="N",J6="N"),0,ROUND(100*(3*IF(J6="J",1,IF(J6="N",0,0.5))+3*IF(K6="J",1,IF(K6="N",0,0.5))+2*IF(L6="J",1,IF(L6="N",0,0.5))+2*IF(M6="J",1,IF(M6="N",0,0.5))+1*IF(N6="J",1,IF(N6="N",0,0.5))+1*IF(O6="J",1,IF(O6="N",0,0.5))+1*IF(P6="J",1,IF(P6="N",0,0.5))+1*IF(Q6="J",1,IF(Q6="N",0,0.5))+2*IF(R6="J",1,IF(R6="N",0,0.5))+3*IF(S6="J",1,IF(S6="N",0,0.5))+IF(T6="",0,1*IF(T6="?",0.5,MAX(0,1-T6/3.57))))/(19+IF(T6="",0,1)),0))) | R6: =IF(A6="","",IF(D6="","?",IF(D6<=1250000,"J","N"))) | S6: =IF(A6="","",IF(E6="","?",IF(AND(E6>=90,E6<=115),"J","N"))) | U6: =IF(OR(D6="",T6="",T6="?"),"",ROUND(D6*(Legende!$B$9+Legende!$B$10+T6/100),0)) | V6: =IF(U6="","",D6+U6)
F7: =IF(A7="","",IF(OR(C7="Etagenwohnung",I7="N",J7="N"),0,ROUND(100*(3*IF(J7="J",1,IF(J7="N",0,0.5))+3*IF(K7="J",1,IF(K7="N",0,0.5))+2*IF(L7="J",1,IF(L7="N",0,0.5))+2*IF(M7="J",1,IF(M7="N",0,0.5))+1*IF(N7="J",1,IF(N7="N",0,0.5))+1*IF(O7="J",1,IF(O7="N",0,0.5))+1*IF(P7="J",1,IF(P7="N",0,0.5))+1*IF(Q7="J",1,IF(Q7="N",0,0.5))+2*IF(R7="J",1,IF(R7="N",0,0.5))+3*IF(S7="J",1,IF(S7="N",0,0.5))+IF(T7="",0,1*IF(T7="?",0.5,MAX(0,1-T7/3.57))))/(19+IF(T7="",0,1)),0))) | R7: =IF(A7="","",IF(D7="","?",IF(D7<=1250000,"J","N"))) | S7: =IF(A7="","",IF(E7="","?",IF(AND(E7>=90,E7<=115),"J","N"))) | U7: =IF(OR(D7="",T7="",T7="?"),"",ROUND(D7*(Legende!$B$9+Legende!$B$10+T7/100),0)) | V7: =IF(U7="","",D7+U7)
F8: =IF(A8="","",IF(OR(C8="Etagenwohnung",I8="N",J8="N"),0,ROUND(100*(3*IF(J8="J",1,IF(J8="N",0,0.5))+3*IF(K8="J",1,IF(K8="N",0,0.5))+2*IF(L8="J",1,IF(L8="N",0,0.5))+2*IF(M8="J",1,IF(M8="N",0,0.5))+1*IF(N8="J",1,IF(N8="N",0,0.5))+1*IF(O8="J",1,IF(O8="N",0,0.5))+1*IF(P8="J",1,IF(P8="N",0,0.5))+1*IF(Q8="J",1,IF(Q8="N",0,0.5))+2*IF(R8="J",1,IF(R8="N",0,0.5))+3*IF(S8="J",1,IF(S8="N",0,0.5))+IF(T8="",0,1*IF(T8="?",0.5,MAX(0,1-T8/3.57))))/(19+IF(T8="",0,1)),0))) | R8: =IF(A8="","",IF(D8="","?",IF(D8<=1250000,"J","N"))) | S8: =IF(A8="","",IF(E8="","?",IF(AND(E8>=90,E8<=115),"J","N"))) | U8: =IF(OR(D8="",T8="",T8="?"),"",ROUND(D8*(Legende!$B$9+Legende!$B$10+T8/100),0)) | V8: =IF(U8="","",D8+U8)
F9: =IF(A9="","",IF(OR(C9="Etagenwohnung",I9="N",J9="N"),0,ROUND(100*(3*IF(J9="J",1,IF(J9="N",0,0.5))+3*IF(K9="J",1,IF(K9="N",0,0.5))+2*IF(L9="J",1,IF(L9="N",0,0.5))+2*IF(M9="J",1,IF(M9="N",0,0.5))+1*IF(N9="J",1,IF(N9="N",0,0.5))+1*IF(O9="J",1,IF(O9="N",0,0.5))+1*IF(P9="J",1,IF(P9="N",0,0.5))+1*IF(Q9="J",1,IF(Q9="N",0,0.5))+2*IF(R9="J",1,IF(R9="N",0,0.5))+3*IF(S9="J",1,IF(S9="N",0,0.5))+IF(T9="",0,1*IF(T9="?",0.5,MAX(0,1-T9/3.57))))/(19+IF(T9="",0,1)),0))) | R9: =IF(A9="","",IF(D9="","?",IF(D9<=1250000,"J","N"))) | S9: =IF(A9="","",IF(E9="","?",IF(AND(E9>=90,E9<=115),"J","N"))) | U9: =IF(OR(D9="",T9="",T9="?"),"",ROUND(D9*(Legende!$B$9+Legende!$B$10+T9/100),0)) | V9: =IF(U9="","",D9+U9)
F10: =IF(A10="","",IF(OR(C10="Etagenwohnung",I10="N",J10="N"),0,ROUND(100*(3*IF(J10="J",1,IF(J10="N",0,0.5))+3*IF(K10="J",1,IF(K10="N",0,0.5))+2*IF(L10="J",1,IF(L10="N",0,0.5))+2*IF(M10="J",1,IF(M10="N",0,0.5))+1*IF(N10="J",1,IF(N10="N",0,0.5))+1*IF(O10="J",1,IF(O10="N",0,0.5))+1*IF(P10="J",1,IF(P10="N",0,0.5))+1*IF(Q10="J",1,IF(Q10="N",0,0.5))+2*IF(R10="J",1,IF(R10="N",0,0.5))+3*IF(S10="J",1,IF(S10="N",0,0.5))+IF(T10="",0,1*IF(T10="?",0.5,MAX(0,1-T10/3.57))))/(19+IF(T10="",0,1)),0))) | R10: =IF(A10="","",IF(D10="","?",IF(D10<=1250000,"J","N"))) | S10: =IF(A10="","",IF(E10="","?",IF(AND(E10>=90,E10<=115),"J","N"))) | U10: =IF(OR(D10="",T10="",T10="?"),"",ROUND(D10*(Legende!$B$9+Legende!$B$10+T10/100),0)) | V10: =IF(U10="","",D10+U10)
F11: =IF(A11="","",IF(OR(C11="Etagenwohnung",I11="N",J11="N"),0,ROUND(100*(3*IF(J11="J",1,IF(J11="N",0,0.5))+3*IF(K11="J",1,IF(K11="N",0,0.5))+2*IF(L11="J",1,IF(L11="N",0,0.5))+2*IF(M11="J",1,IF(M11="N",0,0.5))+1*IF(N11="J",1,IF(N11="N",0,0.5))+1*IF(O11="J",1,IF(O11="N",0,0.5))+1*IF(P11="J",1,IF(P11="N",0,0.5))+1*IF(Q11="J",1,IF(Q11="N",0,0.5))+2*IF(R11="J",1,IF(R11="N",0,0.5))+3*IF(S11="J",1,IF(S11="N",0,0.5))+IF(T11="",0,1*IF(T11="?",0.5,MAX(0,1-T11/3.57))))/(19+IF(T11="",0,1)),0))) | R11: =IF(A11="","",IF(D11="","?",IF(D11<=1250000,"J","N"))) | S11: =IF(A11="","",IF(E11="","?",IF(AND(E11>=90,E11<=115),"J","N"))) | U11: =IF(OR(D11="",T11="",T11="?"),"",ROUND(D11*(Legende!$B$9+Legende!$B$10+T11/100),0)) | V11: =IF(U11="","",D11+U11)
F12: =IF(A12="","",IF(OR(C12="Etagenwohnung",I12="N",J12="N"),0,ROUND(100*(3*IF(J12="J",1,IF(J12="N",0,0.5))+3*IF(K12="J",1,IF(K12="N",0,0.5))+2*IF(L12="J",1,IF(L12="N",0,0.5))+2*IF(M12="J",1,IF(M12="N",0,0.5))+1*IF(N12="J",1,IF(N12="N",0,0.5))+1*IF(O12="J",1,IF(O12="N",0,0.5))+1*IF(P12="J",1,IF(P12="N",0,0.5))+1*IF(Q12="J",1,IF(Q12="N",0,0.5))+2*IF(R12="J",1,IF(R12="N",0,0.5))+3*IF(S12="J",1,IF(S12="N",0,0.5))+IF(T12="",0,1*IF(T12="?",0.5,MAX(0,1-T12/3.57))))/(19+IF(T12="",0,1)),0))) | R12: =IF(A12="","",IF(D12="","?",IF(D12<=1250000,"J","N"))) | S12: =IF(A12="","",IF(E12="","?",IF(AND(E12>=90,E12<=115),"J","N"))) | U12: =IF(OR(D12="",T12="",T12="?"),"",ROUND(D12*(Legende!$B$9+Legende!$B$10+T12/100),0)) | V12: =IF(U12="","",D12+U12)
F13: =IF(A13="","",IF(OR(C13="Etagenwohnung",I13="N",J13="N"),0,ROUND(100*(3*IF(J13="J",1,IF(J13="N",0,0.5))+3*IF(K13="J",1,IF(K13="N",0,0.5))+2*IF(L13="J",1,IF(L13="N",0,0.5))+2*IF(M13="J",1,IF(M13="N",0,0.5))+1*IF(N13="J",1,IF(N13="N",0,0.5))+1*IF(O13="J",1,IF(O13="N",0,0.5))+1*IF(P13="J",1,IF(P13="N",0,0.5))+1*IF(Q13="J",1,IF(Q13="N",0,0.5))+2*IF(R13="J",1,IF(R13="N",0,0.5))+3*IF(S13="J",1,IF(S13="N",0,0.5))+IF(T13="",0,1*IF(T13="?",0.5,MAX(0,1-T13/3.57))))/(19+IF(T13="",0,1)),0))) | R13: =IF(A13="","",IF(D13="","?",IF(D13<=1250000,"J","N"))) | S13: =IF(A13="","",IF(E13="","?",IF(AND(E13>=90,E13<=115),"J","N"))) | U13: =IF(OR(D13="",T13="",T13="?"),"",ROUND(D13*(Legende!$B$9+Legende!$B$10+T13/100),0)) | V13: =IF(U13="","",D13+U13)
F14: =IF(A14="","",IF(OR(C14="Etagenwohnung",I14="N",J14="N"),0,ROUND(100*(3*IF(J14="J",1,IF(J14="N",0,0.5))+3*IF(K14="J",1,IF(K14="N",0,0.5))+2*IF(L14="J",1,IF(L14="N",0,0.5))+2*IF(M14="J",1,IF(M14="N",0,0.5))+1*IF(N14="J",1,IF(N14="N",0,0.5))+1*IF(O14="J",1,IF(O14="N",0,0.5))+1*IF(P14="J",1,IF(P14="N",0,0.5))+1*IF(Q14="J",1,IF(Q14="N",0,0.5))+2*IF(R14="J",1,IF(R14="N",0,0.5))+3*IF(S14="J",1,IF(S14="N",0,0.5))+IF(T14="",0,1*IF(T14="?",0.5,MAX(0,1-T14/3.57))))/(19+IF(T14="",0,1)),0))) | R14: =IF(A14="","",IF(D14="","?",IF(D14<=1250000,"J","N"))) | S14: =IF(A14="","",IF(E14="","?",IF(AND(E14>=90,E14<=115),"J","N"))) | U14: =IF(OR(D14="",T14="",T14="?"),"",ROUND(D14*(Legende!$B$9+Legende!$B$10+T14/100),0)) | V14: =IF(U14="","",D14+U14)
F15: =IF(A15="","",IF(OR(C15="Etagenwohnung",I15="N",J15="N"),0,ROUND(100*(3*IF(J15="J",1,IF(J15="N",0,0.5))+3*IF(K15="J",1,IF(K15="N",0,0.5))+2*IF(L15="J",1,IF(L15="N",0,0.5))+2*IF(M15="J",1,IF(M15="N",0,0.5))+1*IF(N15="J",1,IF(N15="N",0,0.5))+1*IF(O15="J",1,IF(O15="N",0,0.5))+1*IF(P15="J",1,IF(P15="N",0,0.5))+1*IF(Q15="J",1,IF(Q15="N",0,0.5))+2*IF(R15="J",1,IF(R15="N",0,0.5))+3*IF(S15="J",1,IF(S15="N",0,0.5))+IF(T15="",0,1*IF(T15="?",0.5,MAX(0,1-T15/3.57))))/(19+IF(T15="",0,1)),0))) | R15: =IF(A15="","",IF(D15="","?",IF(D15<=1250000,"J","N"))) | S15: =IF(A15="","",IF(E15="","?",IF(AND(E15>=90,E15<=115),"J","N"))) | U15: =IF(OR(D15="",T15="",T15="?"),"",ROUND(D15*(Legende!$B$9+Legende!$B$10+T15/100),0)) | V15: =IF(U15="","",D15+U15)
F16: =IF(A16="","",IF(OR(C16="Etagenwohnung",I16="N",J16="N"),0,ROUND(100*(3*IF(J16="J",1,IF(J16="N",0,0.5))+3*IF(K16="J",1,IF(K16="N",0,0.5))+2*IF(L16="J",1,IF(L16="N",0,0.5))+2*IF(M16="J",1,IF(M16="N",0,0.5))+1*IF(N16="J",1,IF(N16="N",0,0.5))+1*IF(O16="J",1,IF(O16="N",0,0.5))+1*IF(P16="J",1,IF(P16="N",0,0.5))+1*IF(Q16="J",1,IF(Q16="N",0,0.5))+2*IF(R16="J",1,IF(R16="N",0,0.5))+3*IF(S16="J",1,IF(S16="N",0,0.5))+IF(T16="",0,1*IF(T16="?",0.5,MAX(0,1-T16/3.57))))/(19+IF(T16="",0,1)),0))) | R16: =IF(A16="","",IF(D16="","?",IF(D16<=1250000,"J","N"))) | S16: =IF(A16="","",IF(E16="","?",IF(AND(E16>=90,E16<=115),"J","N"))) | U16: =IF(OR(D16="",T16="",T16="?"),"",ROUND(D16*(Legende!$B$9+Legende!$B$10+T16/100),0)) | V16: =IF(U16="","",D16+U16)
F17: =IF(A17="","",IF(OR(C17="Etagenwohnung",I17="N",J17="N"),0,ROUND(100*(3*IF(J17="J",1,IF(J17="N",0,0.5))+3*IF(K17="J",1,IF(K17="N",0,0.5))+2*IF(L17="J",1,IF(L17="N",0,0.5))+2*IF(M17="J",1,IF(M17="N",0,0.5))+1*IF(N17="J",1,IF(N17="N",0,0.5))+1*IF(O17="J",1,IF(O17="N",0,0.5))+1*IF(P17="J",1,IF(P17="N",0,0.5))+1*IF(Q17="J",1,IF(Q17="N",0,0.5))+2*IF(R17="J",1,IF(R17="N",0,0.5))+3*IF(S17="J",1,IF(S17="N",0,0.5))+IF(T17="",0,1*IF(T17="?",0.5,MAX(0,1-T17/3.57))))/(19+IF(T17="",0,1)),0))) | R17: =IF(A17="","",IF(D17="","?",IF(D17<=1250000,"J","N"))) | S17: =IF(A17="","",IF(E17="","?",IF(AND(E17>=90,E17<=115),"J","N"))) | U17: =IF(OR(D17="",T17="",T17="?"),"",ROUND(D17*(Legende!$B$9+Legende!$B$10+T17/100),0)) | V17: =IF(U17="","",D17+U17)
... F100: =IF(A100="","",IF(OR(C100="Etagenwohnung",I100="N",J100="N"),0,ROUND(100*(3*IF(J100="J",1,IF(J100="N",0,0.5))+3*IF(K100="J",1,IF(K100="N",0,0.5))+2*IF(L100="J",1,IF(L100="N",0,0.5))+2*IF(M100="J",1,IF(M100="N",0,0.5))+1*IF(N100="J",1,IF(N100="N",0,0.5))+1*IF(O100="J",1,IF(O100="N",0,0.5))+1*IF(P100="J",1,IF(P100="N",0,0.5))+1*IF(Q100="J",1,IF(Q100="N",0,0.5))+2*IF(R100="J",1,IF(R100="N",0,0.5))+3*IF(S100="J",1,IF(S100="N",0,0.5))+IF(T100="",0,1*IF(T100="?",0.5,MAX(0,1-T100/3.57))))/(19+IF(T100="",0,1)),0))) | R100: =IF(A100="","",IF(D100="","?",IF(D100<=1250000,"J","N"))) | S100: =IF(A100="","",IF(E100="","?",IF(AND(E100>=90,E100<=115),"J","N"))) | U100: =IF(OR(D100="",T100="",T100="?"),"",ROUND(D100*(Legende!$B$9+Legende!$B$10+T100/100),0)) | V100: =IF(U100="","",D100+U100)

Sheet Legende
A1: Übersicht: 1 Zeile pro Makler, Spalte „Stand“ per Auswahlliste; Filter oben in jeder Spalte.
A2: Angebote: J / N / ? je Kriterium, Score 0–100 rechnet sich selbst (J = voll, ? = halb, N = 0).
A3: K.O. (Score 0): Typ = Etagenwohnung, Aufzug = N oder keine große Terrasse (Südterrasse = N; Balkon/überdachter Balkon zählt nicht).
A4: Gewichte: Südterrasse ×3, Lage im Suchraum ×3, Gesundheit/Fitness ×2, Neubau/gepflegt ×2, Fußbodenheizung ×1, Tiefgarage+Ladestation ×1, Keller ×1, ruhig ×1, Preis im Rahmen ×2, Größe ca. 100 ×3
A5: Preis im Rahmen: bis 1.250.000 €. Größe ca. 100: 90–115 m².
A6: Kriterien-Spalten (I–S) lassen sich über das [–] oben einklappen.
A7: Kosten (ab 21.10.2026, nur NEUE Objekte): Spalte „Provision %“ eintragen (0 = provisionsfrei, ? = unbekannt) → Nebenkosten und Gesamtkosten rechnen sich selbst.
A8: Provision im Score: Gewicht ×1 (klein). Provisionsfrei = volle Punkte, 3,57 % = 0 Punkte. Leer = zählt nicht (alte Objekte bleiben unverändert).
A9: Annahme Grunderwerbsteuer Bayern | B9: 0.035
A10: Annahme Notar + Grundbuch (ca.) | B10: 0.02
